Common name,Species,Rarity
ANSERIFORMES: Anatidae,,
Fulvous Whistling Duck,Dendrocygna bicolor,Rare/Accidental
Ruddy Duck,Oxyura jamaicensis,
Mute Swan,Cygnus olor,Introduced species
Trumpeter Swan,Cygnus buccinator,
Tundra Swan,Cygnus columbianus,
Whooper Swan,Cygnus cygnus,Rare/Accidental
Brent Goose,Branta bernicla,
Cackling Goose,Branta hutchinsii,Rare/Accidental
Canada Goose,Branta canadensis,
Emperor Goose,Anser canagicus,Rare/Accidental
Snow Goose,Anser caerulescens,
Ross's Goose,Anser rossii,
Pink-footed Goose,Anser brachyrhynchus,Uncertain origin
Bean Goose,Anser fabalis,Rare/Accidental
Greater White-fronted Goose,Anser albifrons,
Lesser White-fronted Goose,Anser erythropus,Uncertain originÿVulnerable
Long-tailed Duck,Clangula hyemalis,Vulnerable
Spectacled Eider,Somateria fischeri,Rare/AccidentalÿNear-threatened
King Eider,Somateria spectabilis,Rare/Accidental
Common Eider,Somateria mollissima,Rare/AccidentalÿNear-threatened
Steller's Eider,Polysticta stelleri,Rare/AccidentalÿVulnerable
Surf Scoter,Melanitta perspicillata,
Velvet Scoter,Melanitta fusca,
Black Scoter,Melanitta americana,Near-threatened
Bufflehead,Bucephala albeola,
Common Goldeneye,Bucephala clangula,
Barrow's Goldeneye,Bucephala islandica,
Smew,Mergellus albellus,Rare/Accidental
Hooded Merganser,Lophodytes cucullatus,
Goosander,Mergus merganser,
Red-breasted Merganser,Mergus serrator,
Harlequin Duck,Histrionicus histrionicus,
Common Pochard,Aythya ferina,Rare/AccidentalÿVulnerable
Canvasback,Aythya valisineria,
Redhead,Aythya americana,
Ring-necked Duck,Aythya collaris,
Tufted Duck,Aythya fuligula,Rare/Accidental
Greater Scaup,Aythya marila,Rare/Accidental
Lesser Scaup,Aythya affinis,
Garganey,Spatula querquedula,Rare/Accidental
Northern Shoveler,Spatula clypeata,
Cinnamon Teal,Spatula cyanoptera,
Blue-winged Teal,Spatula discors,
Baikal Teal,Sibirionetta formosa,Rare/Accidental
Falcated Duck,Mareca falcata,Rare/Accidental
Gadwall,Mareca strepera,
Eurasian Wigeon,Mareca penelope,
American Wigeon,Mareca americana,
Mallard,Anas platyrhynchos,
American Black Duck,Anas rubripes,Rare/Accidental
Northern Pintail,Anas acuta,
Common Teal,Anas crecca,
Wood Duck,Aix sponsa,
,,
GALLIFORMES: Odontophoridae,,
Mountain Quail,Oreortyx pictus,Introduced species
California Quail,Callipepla californica,Introduced species
,,
GALLIFORMES: Phasianidae,,
Chukar Partridge,Alectoris chukar,Introduced species
Common Pheasant,Phasianus colchicus,Introduced species
Green Pheasant,Phasianus versicolor,Extirpated
Silver Pheasant,Lophura nycthemera,Introduced species
Wild Turkey,Meleagris gallopavo,Introduced species
Ruffed Grouse,Bonasa umbellus,
Willow Grouse,Lagopus lagopus,
Rock Ptarmigan,Lagopus muta,
White-tailed Ptarmigan,Lagopus leucura,
Dusky Grouse,Dendragapus obscurus,
Sooty Grouse,Dendragapus fuliginosus,
Spruce Grouse,Falcipennis canadensis,
Greater Sage Grouse,Centrocercus urophasianus,ExtirpatedÿNear-threatened
Sharp-tailed Grouse,Tympanuchus phasianellus,
Grey Partridge,Perdix perdix,Introduced species
,,
PHOENICOPTERIFORMES: Podicipedidae,,
Pied-billed Grebe,Podilymbus podiceps,
Western Grebe,Aechmophorus occidentalis,
Clark's Grebe,Aechmophorus clarkii,
Red-necked Grebe,Podiceps grisegena,
Slavonian Grebe,Podiceps auritus,Vulnerable
Black-necked Grebe,Podiceps nigricollis,
,,
COLUMBIFORMES: Columbidae,,
Rock Dove,Columba livia,Introduced species
Oriental Turtle Dove,Streptopelia orientalis,Rare/Accidental
Eurasian Collared Dove,Streptopelia decaocto,Introduced species
Passenger Pigeon,Ectopistes migratorius,Rare/AccidentalÿExtinct
Band-tailed Pigeon,Patagioenas fasciata,
White-winged Dove,Zenaida asiatica,Rare/Accidental
Mourning Dove,Zenaida macroura,
,,
PHAETHONTIFORMES: Phaethontidae,,
Red-tailed Tropicbird,Phaethon rubricauda,Rare/Accidental
,,
CAPRIMULGIFORMES: Caprimulgidae,,
Common Nighthawk,Chordeiles minor,
Lesser Nighthawk,Chordeiles acutipennis,Rare/Accidental
Common Poorwill,Phalaenoptilus nuttallii,
Eastern Whip-poor-will,Antrostomus vociferus,Rare/AccidentalÿNear-threatened
,,
CAPRIMULGIFORMES: Apodidae,,
Black Swift,Cypseloides niger,Vulnerable
Vaux's Swift,Chaetura vauxi,
Chimney Swift,Chaetura pelagica,Rare/AccidentalÿVulnerable
White-throated Swift,Aeronautes saxatalis,
House Swift,Apus nipalensis,Uncertain origin
,,
CAPRIMULGIFORMES: Trochilidae,,
Green Violetear,Colibri thalassinus,Rare/Accidental
Xantus's Hummingbird,Hylocharis xantusii,Rare/Accidental
Magnificent Hummingbird,Eugenes fulgens,Rare/Accidental
Black-chinned Hummingbird,Archilochus alexandri,
Ruby-throated Hummingbird,Archilochus colubris,Rare/Accidental
Anna's Hummingbird,Calypte anna,
Costa's Hummingbird,Calypte costae,Rare/Accidental
Broad-tailed Hummingbird,Selasphorus platycercus,Rare/Accidental
Calliope Hummingbird,Selasphorus calliope,
Rufous Hummingbird,Selasphorus rufus,Near-threatened
,,
CUCULIFORMES: Cuculidae,,
Black-billed Cuckoo,Coccyzus erythropthalmus,Rare/Accidental
Yellow-billed Cuckoo,Coccyzus americanus,Rare/Accidental
Common Cuckoo,Cuculus canorus,Rare/Accidental
,,
GRUIFORMES: Rallidae,,
Yellow Rail,Coturnicops noveboracensis,
Virginia Rail,Rallus limicola,
Sora,Porzana carolina,
Common Gallinule,Gallinula galeata,Rare/Accidental
American Coot,Fulica americana,
,,
GRUIFORMES: Gruidae,,
Sandhill Crane,Antigone canadensis,
Demoiselle Crane,Grus virgo,Uncertain origin
Whooping Crane,Grus americana,Rare/AccidentalÿEndangered
Common Crane,Grus grus,Rare/Accidental
,,
GAVIIFORMES: Gaviidae,,
Red-throated Diver,Gavia stellata,
Black-throated Diver,Gavia arctica,Rare/Accidental
Pacific Loon,Gavia pacifica,
Great Northern Diver,Gavia immer,
White-billed Diver,Gavia adamsii,Rare/AccidentalÿNear-threatened
,,
PROCELLARIIFORMES: Diomedeidae,,
Laysan Albatross,Phoebastria immutabilis,Near-threatened
Black-footed Albatross,Phoebastria nigripes,Near-threatened
Short-tailed Albatross,Phoebastria albatrus,Vulnerable
,,
PROCELLARIIFORMES: Hydrobatidae,,
Leach's Storm-petrel,Hydrobates leucorhous,
Fork-tailed Storm-petrel,Hydrobates furcatus,
,,
PROCELLARIIFORMES: Procellariidae,,
Northern Fulmar,Fulmarus glacialis,Rare/Accidental
Cook's Petrel,Pterodroma cookii,Rare/AccidentalÿVulnerable
Murphy's Petrel,Pterodroma ultima,Rare/Accidental
Mottled Petrel,Pterodroma inexpectata,Near-threatened
Hawaiian Petrel,Pterodroma sandwichensis,Rare/AccidentalÿEndangered
Buller's Shearwater,Ardenna bulleri,Vulnerable
Short-tailed Shearwater,Ardenna tenuirostris,
Sooty Shearwater,Ardenna grisea,Near-threatened
Great Shearwater,Ardenna gravis,Rare/Accidental
Flesh-footed Shearwater,Ardenna carneipes,Near-threatened
Pink-footed Shearwater,Ardenna creatopus,Vulnerable
Black-vented Shearwater,Puffinus opisthomelas,Rare/AccidentalÿNear-threatened
Manx Shearwater,Puffinus puffinus,Rare/Accidental
,,
PELECANIFORMES: Ciconiidae,,
Wood Stork,Mycteria americana,Rare/Accidental
,,
PELECANIFORMES: Pelecanidae,,
American White Pelican,Pelecanus erythrorhynchos,
Brown Pelican,Pelecanus occidentalis,
,,
PELECANIFORMES: Ardeidae,,
American Bittern,Botaurus lentiginosus,
Least Bittern,Ixobrychus exilis,Rare/Accidental
Black-crowned Night Heron,Nycticorax nycticorax,
Green Heron,Butorides virescens,
Cattle Egret,Bubulcus ibis,Rare/Accidental
Great Blue Heron,Ardea herodias,
Great Egret,Ardea alba,
Tricolored Heron,Egretta tricolor,Rare/Accidental
Little Blue Heron,Egretta caerulea,Rare/Accidental
Snowy Egret,Egretta thula,Rare/Accidental
,,
PELECANIFORMES: Threskiornithidae,,
White-faced Ibis,Plegadis chihi,Rare/Accidental
,,
PELECANIFORMES: Fregatidae,,
Magnificent Frigatebird,Fregata magnificens,Rare/Accidental
,,
PELECANIFORMES: Sulidae,,
Red-footed Booby,Sula sula,Rare/Accidental
Brown Booby,Sula leucogaster,Rare/Accidental
Blue-footed Booby,Sula nebouxii,Rare/Accidental
Masked Booby,Sula dactylatra,Rare/Accidental
Nazca Booby,Sula granti,Rare/Accidental
,,
PELECANIFORMES: Phalacrocoracidae,,
Double-crested Cormorant,Phalacrocorax auritus,
Brandt's Cormorant,Phalacrocorax penicillatus,
Pelagic Cormorant,Phalacrocorax pelagicus,
Red-faced Cormorant,Phalacrocorax urile,Rare/Accidental
,,
CHARADRIIFORMES: Haematopodidae,,
Black Oystercatcher,Haematopus bachmani,
,,
CHARADRIIFORMES: Recurvirostridae,,
American Avocet,Recurvirostra americana,
Black-winged Stilt,Himantopus himantopus,Rare/Accidental
,,
CHARADRIIFORMES: Charadriidae,,
Grey Plover,Pluvialis squatarola,Vulnerable
Pacific Golden Plover,Pluvialis fulva,
American Golden Plover,Pluvialis dominica,
Eurasian Dotterel,Eudromias morinellus,Rare/Accidental
Common Ringed Plover,Charadrius hiaticula,Rare/Accidental
Semipalmated Plover,Charadrius semipalmatus,
Killdeer,Charadrius vociferus,Near-threatened
Piping Plover,Charadrius melodus,Rare/AccidentalÿNear-threatened
Snowy Plover,Charadrius nivosus,Rare/AccidentalÿNear-threatened
Lesser Sand Plover,Charadrius mongolus,Rare/Accidental
Mountain Plover,Charadrius montanus,Rare/AccidentalÿNear-threatened
,,
CHARADRIIFORMES: Scolopacidae,,
Upland Sandpiper,Bartramia longicauda,
Bristle-thighed Curlew,Numenius tahitiensis,Rare/AccidentalÿNear-threatened
Whimbrel,Numenius phaeopus,Rare/Accidental
Long-billed Curlew,Numenius americanus,
Far Eastern Curlew,Numenius madagascariensis,Rare/AccidentalÿEndangered
Bar-tailed Godwit,Limosa lapponica,Rare/AccidentalÿNear-threatened
Marbled Godwit,Limosa fedoa,Vulnerable
Hudsonian Godwit,Limosa haemastica,Vulnerable
Black-tailed Godwit,Limosa limosa,Rare/AccidentalÿNear-threatened
Ruddy Turnstone,Arenaria interpres,Near-threatened
Black Turnstone,Arenaria melanocephala,
Great Knot,Calidris tenuirostris,Rare/AccidentalÿEndangered
Red Knot,Calidris canutus,Near-threatened
Surfbird,Calidris virgata,
Ruff,Calidris pugnax,Rare/Accidental
Sharp-tailed Sandpiper,Calidris acuminata,Vulnerable
Stilt Sandpiper,Calidris himantopus,Near-threatened
Curlew Sandpiper,Calidris ferruginea,Rare/AccidentalÿVulnerable
Temminck's Stint,Calidris temminckii,Rare/Accidental
Spoon-billed Sandpiper,Calidris pygmaea,Rare/AccidentalÿCritically endangered
Red-necked Stint,Calidris ruficollis,Rare/AccidentalÿNear-threatened
Sanderling,Calidris alba,
Dunlin,Calidris alpina,Near-threatened
Rock Sandpiper,Calidris ptilocnemis,
Purple Sandpiper,Calidris maritima,Rare/Accidental
Baird's Sandpiper,Calidris bairdii,
Little Stint,Calidris minuta,Rare/Accidental
Least Sandpiper,Calidris minutilla,Near-threatened
White-rumped Sandpiper,Calidris fuscicollis,Rare/AccidentalÿVulnerable
Buff-breasted Sandpiper,Calidris subruficollis,Vulnerable
Pectoral Sandpiper,Calidris melanotos,
Semipalmated Sandpiper,Calidris pusilla,Near-threatened
Western Sandpiper,Calidris mauri,
Short-billed Dowitcher,Limnodromus griseus,Vulnerable
Long-billed Dowitcher,Limnodromus scolopaceus,Near-threatened
American Woodcock,Scolopax minor,Rare/Accidental
Wilson's Snipe,Gallinago delicata,
Jack Snipe,Lymnocryptes minimus,Rare/Accidental
Terek Sandpiper,Xenus cinereus,Rare/Accidental
Spotted Sandpiper,Actitis macularius,
Solitary Sandpiper,Tringa solitaria,
Grey-tailed Tattler,Tringa brevipes,Rare/Accidental
Wandering Tattler,Tringa incana,
Willet,Tringa semipalmata,Rare/Accidental
Lesser Yellowlegs,Tringa flavipes,Vulnerable
Spotted Redshank,Tringa erythropus,Rare/Accidental
Common Greenshank,Tringa nebularia,Rare/Accidental
Greater Yellowlegs,Tringa melanoleuca,Near-threatened
Wood Sandpiper,Tringa glareola,Rare/Accidental
Wilson's Phalarope,Steganopus tricolor,
Red-necked Phalarope,Phalaropus lobatus,
Grey Phalarope,Phalaropus fulicarius,
,,
CHARADRIIFORMES: Alcidae,,
Rhinoceros Auklet,Cerorhinca monocerata,
Tufted Puffin,Fratercula cirrhata,
Horned Puffin,Fratercula corniculata,
Cassin's Auklet,Ptychoramphus aleuticus,Near-threatened
Parakeet Auklet,Aethia psittacula,Rare/Accidental
Least Auklet,Aethia pusilla,Rare/Accidental
Crested Auklet,Aethia cristatella,Rare/Accidental
Marbled Murrelet,Brachyramphus marmoratus,Endangered
Kittlitz's Murrelet,Brachyramphus brevirostris,Rare/AccidentalÿNear-threatened
Pigeon Guillemot,Cepphus columba,
Ancient Murrelet,Synthliboramphus antiquus,
Scripps's Murrelet,Synthliboramphus scrippsi,Rare/AccidentalÿVulnerable
Guadalupe Murrelet,Synthliboramphus hypoleucus,Rare/AccidentalÿEndangered
Little Auk,Alle alle,Rare/Accidental
Brunnich's Guillemot,Uria lomvia,Rare/Accidental
Common Guillemot,Uria aalge,
,,
CHARADRIIFORMES: Stercorariidae,,
Long-tailed Skua,Stercorarius longicaudus,
Arctic Skua,Stercorarius parasiticus,Rare/Accidental
Pomarine Skua,Stercorarius pomarinus,
South Polar Skua,Stercorarius maccormicki,
,,
CHARADRIIFORMES: Laridae,,
Black-legged Kittiwake,Rissa tridactyla,Vulnerable
Red-legged Kittiwake,Rissa brevirostris,Rare/AccidentalÿVulnerable
Ivory Gull,Pagophila eburnea,Rare/AccidentalÿNear-threatened
Sabine's Gull,Xema sabini,
Bonaparte's Gull,Chroicocephalus philadelphia,
Black-headed Gull,Chroicocephalus ridibundus,Rare/Accidental
Little Gull,Hydrocoloeus minutus,Rare/Accidental
Ross's Gull,Rhodostethia rosea,Rare/Accidental
Laughing Gull,Leucophaeus atricilla,Rare/Accidental
Franklin's Gull,Leucophaeus pipixcan,
Black-tailed Gull,Larus crassirostris,Rare/Accidental
Heermann's Gull,Larus heermanni,Near-threatened
Mew Gull,Larus canus,
Ring-billed Gull,Larus delawarensis,
California Gull,Larus californicus,
Western Gull,Larus occidentalis,
Lesser Black-backed Gull,Larus fuscus,Rare/Accidental
American Herring Gull,Larus smithsonianus,
Thayer's Gull,Larus thayeri,
Iceland Gull,Larus glaucoides,Rare/Accidental
Slaty-backed Gull,Larus schistisagus,Rare/Accidental
Glaucous-winged Gull,Larus glaucescens,
Glaucous Gull,Larus hyperboreus,
Great Black-backed Gull,Larus marinus,Rare/Accidental
Aleutian Tern,Onychoprion aleuticus,Rare/AccidentalÿVulnerable
Least Tern,Sternula antillarum,Rare/Accidental
Caspian Tern,Hydroprogne caspia,
Black Tern,Chlidonias niger,
Common Tern,Sterna hirundo,
Arctic Tern,Sterna paradisaea,
Forster's Tern,Sterna forsteri,
Elegant Tern,Thalasseus elegans,Rare/AccidentalÿNear-threatened
,,
ACCIPITRIFORMES: Cathartidae,,
Turkey Vulture,Cathartes aura,
Black Vulture,Coragyps atratus,Rare/Accidental
California Condor,Gymnogyps californianus,ExtirpatedÿCritically endangered
,,
ACCIPITRIFORMES: Pandionidae,,
Osprey,Pandion haliaetus,
,,
ACCIPITRIFORMES: Accipitridae,,
White-tailed Kite,Elanus leucurus,Rare/Accidental
Golden Eagle,Aquila chrysaetos,
Hen Harrier,Circus cyaneus,
Sharp-shinned Hawk,Accipiter striatus,
Cooper's Hawk,Accipiter cooperii,
Northern Goshawk,Accipiter gentilis,
Bald Eagle,Haliaeetus leucocephalus,
Mississippi Kite,Ictinia mississippiensis,Rare/Accidental
Red-shouldered Hawk,Buteo lineatus,Rare/Accidental
Broad-winged Hawk,Buteo platypterus,Rare/Accidental
Swainson's Hawk,Buteo swainsoni,
Red-tailed Hawk,Buteo jamaicensis,
Rough-legged Buzzard,Buteo lagopus,
Ferruginous Hawk,Buteo regalis,Rare/Accidental
,,
STRIGIFORMES: Tytonidae,,
Common Barn Owl,Tyto alba,
,,
STRIGIFORMES: Strigidae,,
Hawk Owl,Surnia ulula,
Northern Pygmy Owl,Glaucidium gnoma,
Burrowing Owl,Athene cunicularia,Rare/Accidental
Tengmalm's Owl,Aegolius funereus,
Northern Saw-whet Owl,Aegolius acadicus,
Northern Long-eared Owl,Asio otus,
Short-eared Owl,Asio flammeus,
Flammulated Owl,Psiloscops flammeolus,
Western Screech Owl,Megascops kennicottii,
Spotted Owl,Strix occidentalis,Rare/AccidentalÿNear-threatened
Barred Owl,Strix varia,
Great Grey Owl,Strix nebulosa,
Snowy Owl,Bubo scandiacus,Vulnerable
Great Horned Owl,Bubo virginianus,
,,
PICIFORMES: Picidae,,
Pileated Woodpecker,Dryocopus pileatus,
Northern Flicker,Colaptes auratus,
Williamson's Sapsucker,Sphyrapicus thyroideus,
Yellow-bellied Sapsucker,Sphyrapicus varius,
Red-naped Sapsucker,Sphyrapicus nuchalis,
Red-breasted Sapsucker,Sphyrapicus ruber,
Lewis's Woodpecker,Melanerpes lewis,
Red-headed Woodpecker,Melanerpes erythrocephalus,Rare/Accidental
Acorn Woodpecker,Melanerpes formicivorus,Rare/Accidental
Downy Woodpecker,Picoides pubescens,
Hairy Woodpecker,Picoides villosus,
White-headed Woodpecker,Picoides albolarvatus,Rare/Accidental
American Three-toed Woodpecker,Picoides dorsalis,
Black-backed Woodpecker,Picoides arcticus,
,,
CORACIIFORMES: Alcedinidae,,
Belted Kingfisher,Megaceryle alcyon,
,,
FALCONIFORMES: Falconidae,,
Crested Caracara,Caracara cheriway,Rare/Accidental
Common Kestrel,Falco tinnunculus,Rare/Accidental
American Kestrel,Falco sparverius,
Merlin,Falco columbarius,
Gyrfalcon,Falco rusticolus,
Prairie Falcon,Falco mexicanus,
Peregrine Falcon,Falco peregrinus,
,,
PASSERIFORMES: Tyrannidae,,
Tropical Kingbird,Tyrannus melancholicus,
Thick-billed Kingbird,Tyrannus crassirostris,Rare/Accidental
Western Kingbird,Tyrannus verticalis,
Eastern Kingbird,Tyrannus tyrannus,
Gray Kingbird,Tyrannus dominicensis,Rare/Accidental
Scissor-tailed Flycatcher,Tyrannus forficatus,Rare/Accidental
Fork-tailed Flycatcher,Tyrannus savana,Rare/Accidental
Great Crested Flycatcher,Myiarchus crinitus,Rare/Accidental
Ash-throated Flycatcher,Myiarchus cinerascens,Rare/Accidental
Vermilion Flycatcher,Pyrocephalus rubinus,Rare/Accidental
Black Phoebe,Sayornis nigricans,Rare/Accidental
Eastern Phoebe,Sayornis phoebe,
Say's Phoebe,Sayornis saya,
Yellow-bellied Flycatcher,Empidonax flaviventris,
Acadian Flycatcher,Empidonax virescens,Rare/Accidental
Alder Flycatcher,Empidonax alnorum,
Willow Flycatcher,Empidonax traillii,
Least Flycatcher,Empidonax minimus,
Hammond's Flycatcher,Empidonax hammondii,
Gray Flycatcher,Empidonax wrightii,Rare/Accidental
Dusky Flycatcher,Empidonax oberholseri,
Pacific-slope Flycatcher,Empidonax difficilis,
Cordilleran Flycatcher,Empidonax occidentalis,Rare/Accidental
Olive-sided Flycatcher,Contopus cooperi,Near-threatened
Western Wood Pewee,Contopus sordidulus,
Eastern Wood Pewee,Contopus virens,Rare/Accidental
,,
PASSERIFORMES: Vireonidae,,
White-eyed Vireo,Vireo griseus,Rare/Accidental
Bell's Vireo,Vireo bellii,Rare/Accidental
Black-capped Vireo,Vireo atricapilla,Rare/AccidentalÿNear-threatened
Cassin's Vireo,Vireo cassinii,
Blue-headed Vireo,Vireo solitarius,
Hutton's Vireo,Vireo huttoni,
Warbling Vireo,Vireo gilvus,
Philadelphia Vireo,Vireo philadelphicus,
Red-eyed Vireo,Vireo olivaceus,
Yellow-green Vireo,Vireo flavoviridis,Rare/Accidental
,,
PASSERIFORMES: Laniidae,,
Brown Shrike,Lanius cristatus,Rare/Accidental
Red-backed Shrike,Lanius collurio,Rare/Accidental
Loggerhead Shrike,Lanius ludovicianus,Rare/AccidentalÿNear-threatened
Northern Shrike,Lanius borealis,
,,
PASSERIFORMES: Corvidae,,
Gray Jay,Perisoreus canadensis,
Black-billed Magpie,Pica hudsonia,
Clark's Nutcracker,Nucifraga columbiana,
Common Raven,Corvus corax,
American Crow,Corvus brachyrhynchos,
Northwestern Crow,Corvus caurinus,
Pinyon Jay,Gymnorhinus cyanocephalus,Rare/AccidentalÿVulnerable
Californian Scrub Jay,Aphelocoma californica,Rare/Accidental
Blue Jay,Cyanocitta cristata,
Steller's Jay,Cyanocitta stelleri,
,,
PASSERIFORMES: Prunellidae,,
Siberian Accentor,Prunella montanella,Rare/Accidental
,,
PASSERIFORMES: Passeridae,,
House Sparrow,Passer domesticus,Introduced species
,,
PASSERIFORMES: Motacillidae,,
Red-throated Pipit,Anthus cervinus,Rare/Accidental
American Pipit,Anthus rubescens,
Sprague's Pipit,Anthus spragueii,Vulnerable
Grey Wagtail,Motacilla cinerea,Rare/Accidental
Citrine Wagtail,Motacilla citreola,Rare/Accidental
Green-headed Wagtail,Motacilla tschutschensis,Rare/Accidental
White Wagtail,Motacilla alba,Rare/Accidental
,,
PASSERIFORMES: Fringillidae,,
Brambling,Fringilla montifringilla,Rare/Accidental
Evening Grosbeak,Hesperiphona vespertina,Vulnerable
Pine Grosbeak,Pinicola enucleator,
Gray-crowned Rosy Finch,Leucosticte tephrocotis,
House Finch,Haemorhous mexicanus,
Cassin's Finch,Haemorhous cassinii,
Purple Finch,Haemorhous purpureus,
Grey-capped Greenfinch,Chloris sinica,Rare/Accidental
Common Redpoll,Acanthis flammea,
Arctic Redpoll,Acanthis hornemanni,
Red Crossbill,Loxia curvirostra,
White-winged Crossbill,Loxia leucoptera,
Pine Siskin,Spinus pinus,
American Goldfinch,Spinus tristis,
Lesser Goldfinch,Spinus psaltria,Rare/Accidental
,,
PASSERIFORMES: Calcariidae,,
Lapland Longspur,Calcarius lapponicus,
Chestnut-collared Longspur,Calcarius ornatus,Rare/AccidentalÿVulnerable
Smith's Longspur,Calcarius pictus,
McCown's Longspur,Rhynchophanes mccownii,Rare/Accidental
Snow Bunting,Plectrophenax nivalis,
McKay's Bunting,Plectrophenax hyperboreus,Rare/Accidental
,,
PASSERIFORMES: Emberizidae,,
Pine Bunting,Emberiza leucocephalos,Rare/Accidental
Pallas's Reed Bunting,Schoeniclus pallasi,Rare/Accidental
Rustic Bunting,Schoeniclus rusticus,Rare/AccidentalÿVulnerable
Little Bunting,Schoeniclus pusillus,Rare/Accidental
,,
PASSERIFORMES: Passerellidae,,
Chipping Sparrow,Spizella passerina,
Clay-colored Sparrow,Spizella pallida,
Field Sparrow,Spizella pusilla,Rare/Accidental
Brewer's Sparrow,Spizella breweri,
Black-throated Sparrow,Amphispiza bilineata,Rare/Accidental
Lark Sparrow,Chondestes grammacus,
Lark Bunting,Calamospiza melanocorys,Rare/Accidental
Grasshopper Sparrow,Ammodramus savannarum,
Green-tailed Towhee,Pipilo chlorurus,Rare/Accidental
Spotted Towhee,Pipilo maculatus,
Dark-eyed Junco,Junco hyemalis,
Harris's Sparrow,Zonotrichia querula,Near-threatened
White-throated Sparrow,Zonotrichia albicollis,
White-crowned Sparrow,Zonotrichia leucophrys,
Golden-crowned Sparrow,Zonotrichia atricapilla,
Fox Sparrow,Passerella iliaca,
American Tree Sparrow,Passerella arborea,
Le Conte's Sparrow,Ammospiza leconteii,
Nelson's Sparrow,Ammospiza nelsoni,
Sagebrush Sparrow,Artemisiospiza nevadensis,Rare/Accidental
Bell's Sparrow,Artemisiospiza belli,Rare/Accidental
Vesper Sparrow,Pooecetes gramineus,
Savannah Sparrow,Passerculus sandwichensis,
Baird's Sparrow,Centronyx bairdii,Rare/Accidental
Song Sparrow,Melospiza melodia,
Lincoln's Sparrow,Melospiza lincolnii,
Swamp Sparrow,Melospiza georgiana,
,,
PASSERIFORMES: Parulidae,,
Ovenbird,Seiurus aurocapilla,
Northern Waterthrush,Parkesia noveboracensis,
Golden-winged Warbler,Vermivora chrysoptera,Rare/AccidentalÿNear-threatened
Blue-winged Warbler,Vermivora cyanoptera,Rare/Accidental
Black-and-white Warbler,Mniotilta varia,
Prothonotary Warbler,Protonotaria citrea,Rare/Accidental
Tennessee Warbler,Leiothlypis peregrina,
Orange-crowned Warbler,Leiothlypis celata,
Lucy's Warbler,Leiothlypis luciae,Rare/Accidental
Nashville Warbler,Leiothlypis ruficapilla,
Connecticut Warbler,Oporornis agilis,
MacGillivray's Warbler,Geothlypis tolmiei,
Mourning Warbler,Geothlypis philadelphia,
Kentucky Warbler,Geothlypis formosa,Rare/Accidental
Common Yellowthroat,Geothlypis trichas,
Hooded Warbler,Setophaga citrina,Rare/Accidental
American Redstart,Setophaga ruticilla,
Cape May Warbler,Setophaga tigrina,
Northern Parula,Setophaga americana,Rare/Accidental
Magnolia Warbler,Setophaga magnolia,
Bay-breasted Warbler,Setophaga castanea,
Blackburnian Warbler,Setophaga fusca,Rare/Accidental
Yellow Warbler,Setophaga petechia,
Chestnut-sided Warbler,Setophaga pensylvanica,Rare/Accidental
Blackpoll Warbler,Setophaga striata,Near-threatened
Black-throated Blue Warbler,Setophaga caerulescens,Rare/Accidental
Palm Warbler,Setophaga palmarum,
Pine Warbler,Setophaga pinus,Rare/Accidental
Yellow-rumped Warbler,Setophaga coronata,
Yellow-throated Warbler,Setophaga dominica,Rare/Accidental
Prairie Warbler,Setophaga discolor,Rare/Accidental
Black-throated Gray Warbler,Setophaga nigrescens,
Townsend's Warbler,Setophaga townsendi,
Hermit Warbler,Setophaga occidentalis,Rare/Accidental
Black-throated Green Warbler,Setophaga virens,
Canada Warbler,Cardellina canadensis,
Wilson's Warbler,Cardellina pusilla,
Painted Redstart,Myioborus pictus,Rare/Accidental
,,
PASSERIFORMES: Icteridae,,
Yellow-breasted Chat,Icteria virens,
Yellow-headed Blackbird,Xanthocephalus xanthocephalus,
Bobolink,Dolichonyx oryzivorus,
Western Meadowlark,Sturnella neglecta,
Bullock's Oriole,Icterus bullockii,
Baltimore Oriole,Icterus galbula,
Hooded Oriole,Icterus cucullatus,Rare/Accidental
Orchard Oriole,Icterus spurius,Rare/Accidental
Red-winged Blackbird,Agelaius phoeniceus,
Brown-headed Cowbird,Molothrus ater,
Rusty Blackbird,Euphagus carolinus,Vulnerable
Brewer's Blackbird,Euphagus cyanocephalus,
Common Grackle,Quiscalus quiscula,Near-threatened
Great-tailed Grackle,Quiscalus mexicanus,Rare/Accidental
,,
PASSERIFORMES: Cardinalidae,,
Rose-breasted Grosbeak,Pheucticus ludovicianus,
Black-headed Grosbeak,Pheucticus melanocephalus,
Dickcissel,Spiza americana,Rare/Accidental
Indigo Bunting,Passerina cyanea,Rare/Accidental
Blue Grosbeak,Passerina caerulea,Rare/Accidental
Lazuli Bunting,Passerina amoena,
Painted Bunting,Passerina ciris,Rare/Accidental
Scarlet Tanager,Piranga olivacea,Rare/Accidental
Summer Tanager,Piranga rubra,Rare/Accidental
Western Tanager,Piranga ludoviciana,
Northern Cardinal,Cardinalis cardinalis,Rare/Accidental
,,
PASSERIFORMES: Paridae,,
Black-capped Chickadee,Poecile atricapillus,
Mountain Chickadee,Poecile gambeli,
Boreal Chickadee,Poecile hudsonicus,
Chestnut-backed Chickadee,Poecile rufescens,
,,
PASSERIFORMES: Alaudidae,,
Horned Lark,Eremophila alpestris,
Eurasian Sky Lark,Alauda arvensis,Introduced species
,,
PASSERIFORMES: Hirundinidae,,
Northern House Martin,Delichon urbicum,Rare/Accidental
Cliff Swallow,Petrochelidon pyrrhonota,
Cave Swallow,Petrochelidon fulva,Rare/Accidental
Barn Swallow,Hirundo rustica,
Sand Martin,Riparia riparia,
Tree Swallow,Tachycineta bicolor,
Violet-green Swallow,Tachycineta thalassina,
Purple Martin,Progne subis,
Northern Rough-winged Swallow,Stelgidopteryx serripennis,
,,
PASSERIFORMES: Phylloscopidae,,
Yellow-browed Warbler,Abrornis inornatus,Rare/Accidental
,,
PASSERIFORMES: Aegithalidae,,
Bushtit,Psaltriparus minimus,
,,
PASSERIFORMES: Regulidae,,
Ruby-crowned Kinglet,Regulus calendula,
Golden-crowned Kinglet,Regulus satrapa,
,,
PASSERIFORMES: Bombycillidae,,
Bohemian Waxwing,Bombycilla garrulus,
Cedar Waxwing,Bombycilla cedrorum,
,,
PASSERIFORMES: Certhiidae,,
American Treecreeper,Certhia americana,
,,
PASSERIFORMES: Sittidae,,
Pygmy Nuthatch,Sitta pygmaea,
Red-breasted Nuthatch,Sitta canadensis,
White-breasted Nuthatch,Sitta carolinensis,
,,
PASSERIFORMES: Troglodytidae,,
Boulder Wren,Salpinctes obsoletus,
Canyon Wren,Catherpes mexicanus,
Pacific Wren,Troglodytes pacificus,
Winter Wren,Troglodytes hiemalis,
House Wren,Troglodytes aedon,
Sedge Wren,Cistothorus platensis,Rare/Accidental
Marsh Wren,Cistothorus palustris,
Bewick's Wren,Thryomanes bewickii,
,,
PASSERIFORMES: Polioptilidae,,
Blue-gray Gnatcatcher,Polioptila caerulea,Rare/Accidental
,,
PASSERIFORMES: Mimidae,,
Gray Catbird,Dumetella carolinensis,
Northern Mockingbird,Mimus polyglottos,
Sage Thrasher,Oreoscoptes montanus,
Curve-billed Thrasher,Toxostoma curvirostre,Rare/Accidental
Brown Thrasher,Toxostoma rufum,Rare/Accidental
,,
PASSERIFORMES: Sturnidae,,
Common Starling,Sturnus vulgaris,Introduced species
White-cheeked Starling,Spodiopsar cineraceus,Uncertain origin
Crested Myna,Acridotheres cristatellus,Extirpated
,,
PASSERIFORMES: Cinclidae,,
American Dipper,Cinclus mexicanus,
,,
PASSERIFORMES: Muscicapidae,,
Red-flanked Bluetail,Tarsiger cyanurus,Rare/Accidental
Blue Rock Thrush,Monticola solitarius,Rare/Accidental
Northern Wheatear,Oenanthe oenanthe,Rare/Accidental
,,
PASSERIFORMES: Turdidae,,
Western Bluebird,Sialia mexicana,
Eastern Bluebird,Sialia sialis,Rare/Accidental
Mountain Bluebird,Sialia currucoides,
Townsend's Solitaire,Myadestes townsendi,
Varied Thrush,Ixoreus naevius,
Wood Thrush,Hylocichla mustelina,Rare/Accidental
Swainson's Thrush,Catharus ustulatus,
Veery,Catharus fuscescens,
Gray-cheeked Thrush,Catharus minimus,
Hermit Thrush,Catharus guttatus,
Redwing,Turdus iliacus,Rare/AccidentalÿNear-threatened
American Robin,Turdus migratorius,
Fieldfare,Turdus pilaris,Rare/Accidental
Dusky Thrush,Turdus eunomus,Rare/Accidental
,,
,,
"Total common, non-introduced birds: 298",,
